timestamp,price,market_cap,volume_24h,circulating_supply,price_change_24h,bullish_sentiment,bearish_sentiment
2026-02-26 03:34:59,"$68,000.39",$1.35T,$55.08B,19.99M BTC,4.19% (24h),,
2026-02-26 04:09:58,"$68,097.50",$1.36T,$55.34B,19.99M BTC,3.95% (24h),,
2026-02-26 05:06:13,"$68,579.76",$1.37T,$55.75B,19.99M BTC,4.64% (24h),,
2026-02-26 06:03:04,"$68,332.13",$1.36T,$56.11B,19.99M BTC,4.55% (24h),,
2026-02-26 06:52:15,"$67,999.23",$1.35T,$56.19B,19.99M BTC,3.98% (24h),,
2026-02-26 07:53:22,"$68,166.05",$1.36T,$55.95B,19.99M BTC,2.97% (24h),,
2026-02-26 09:08:12,"$67,708.19",$1.35T,$53.33B,19.99M BTC,1.99% (24h),,
2026-02-26 10:04:03,"$67,581.10",$1.35T,$53.02B,19.99M BTC,0.54% (24h),,
2026-02-26 11:04:38,"$67,364.62",$1.34T,$53.56B,19.99M BTC,0.15% (24h),,
2026-02-26 12:15:15,"$66,894.98",$1.33T,$52.42B,19.99M BTC,2.38% (24h),,
2026-02-26 13:08:02,"$66,674.55",$1.33T,$50.58B,19.99M BTC,2.89% (24h),,
2026-02-26 14:08:21,"$67,562.33",$1.35T,$49.13B,19.99M BTC,2.23% (24h),,
2026-02-26 14:53:06,"$67,527.76",$1.35T,$48.79B,19.99M BTC,2.17% (24h),,
2026-02-26 15:31:28,"$67,499.83",$1.34T,$48.73B,19.99M BTC,2.02% (24h),,
2026-02-26 16:06:03,"$67,439.07",$1.34T,$48.24B,19.99M BTC,2.5% (24h),,
2026-02-26 16:45:09,"$67,441.08",$1.34T,$46.7B,19.99M BTC,2.62% (24h),,
2026-02-26 17:04:43,"$67,460.25",$1.34T,$45.68B,19.99M BTC,2.29% (24h),,
2026-02-26 17:50:45,"$67,621.70",$1.35T,$44.85B,19.99M BTC,1.24% (24h),,
2026-02-26 18:18:54,"$67,469.82",$1.34T,$44.09B,19.99M BTC,1.48% (24h),,
2026-02-26 18:49:31,"$67,517.32",$1.35T,$43.59B,19.99M BTC,0.35% (24h),,
2026-02-26 19:05:11,"$67,406.65",$1.34T,$42.79B,19.99M BTC,0.61% (24h),,
2026-02-26 21:51:05,"$67,440.58",$1.34T,$41.29B,19.99M BTC,1.08% (24h),,
2026-02-26 23:29:31,"$67,951.44",$1.35T,$41.51B,19.99M BTC,0.95% (24h),,
2026-02-27 00:37:21,"$67,807.71",$1.35T,$41.86B,19.99M BTC,0.82% (24h),,
2026-02-27 01:31:30,"$67,684.45",$1.35T,$40.77B,19.99M BTC,0.83% (24h),,
2026-02-27 02:31:03,"$67,544.66",$1.35T,$41.03B,19.99M BTC,0.94% (24h),,
2026-02-27 03:05:57,"$67,750.61",$1.35T,$41.27B,19.99M BTC,0.2% (24h),,
2026-02-27 03:58:11,"$67,978.54",$1.35T,$41.01B,19.99M BTC,0.01% (24h),,
2026-02-27 04:39:36,"$67,817.80",$1.35T,$41.28B,19.99M BTC,0.9% (24h),,
2026-02-27 05:22:25,"$66,852.80",$1.33T,$41.61B,19.99M BTC,2.36% (24h),,
2026-02-27 06:06:05,"$66,743.77",$1.33T,$42.05B,19.99M BTC,2.36% (24h),,
2026-02-27 06:44:04,"$66,043.28",$1.32T,$42.66B,19.99M BTC,2.98% (24h),,
2026-02-27 07:03:59,"$66,067.68",$1.32T,$43.34B,19.99M BTC,2.9% (24h),,
2026-02-27 08:22:16,"$66,107.86",$1.32T,$44.66B,19.99M BTC,2.8% (24h),,
2026-02-27 09:10:18,"$66,184.83",$1.32T,$45.28B,19.99M BTC,2.31% (24h),,
2026-02-27 09:58:26,"$65,870.89",$1.31T,$44.67B,19.99M BTC,2.66% (24h),,
2026-02-27 10:37:45,"$65,931.49",$1.31T,$43.89B,19.99M BTC,1.71% (24h),,
2026-02-27 11:05:45,"$65,916.86",$1.31T,$43.04B,19.99M BTC,2.12% (24h),,
2026-02-27 11:55:54,"$65,579.85",$1.31T,$41.95B,19.99M BTC,1.57% (24h),,
2026-02-27 12:31:24,"$65,195.12",$1.3T,$41.18B,19.99M BTC,2.62% (24h),,
2026-02-27 13:04:26,"$65,709.55",$1.31T,$41.9B,19.99M BTC,1.63% (24h),,
2026-02-27 14:01:48,"$65,308.80",$1.3T,$41.13B,19.99M BTC,3.1% (24h),,
2026-02-27 14:40:04,"$65,356.19",$1.3T,$40.48B,19.99M BTC,3.24% (24h),,
2026-02-27 15:00:11,"$65,395.00",$1.3T,$40.51B,19.99M BTC,3.28% (24h),,
2026-02-27 15:34:30,"$65,556.94",$1.31T,$40.03B,19.99M BTC,2.91% (24h),,
2026-02-27 15:59:36,"$65,574.47",$1.31T,$40.08B,19.99M BTC,2.74% (24h),,
2026-02-27 16:31:29,"$65,678.30",$1.31T,$40.04B,19.99M BTC,2.66% (24h),,
2026-02-27 16:54:59,"$65,470.42",$1.3T,$40.04B,19.99M BTC,3.02% (24h),,
2026-02-27 17:19:00,"$65,576.27",$1.31T,$39.77B,19.99M BTC,2.83% (24h),,
2026-02-27 17:47:22,"$65,629.71",$1.31T,$40.09B,19.99M BTC,2.88% (24h),,
2026-02-27 18:02:24,"$65,603.88",$1.31T,$40.44B,19.99M BTC,2.81% (24h),,
2026-02-27 18:37:24,"$65,937.09",$1.31T,$40.34B,19.99M BTC,2.44% (24h),,
2026-02-27 18:54:43,"$65,882.92",$1.31T,$40.27B,19.99M BTC,2.35% (24h),,
2026-02-27 20:20:58,"$65,925.79",$1.31T,$39.65B,19.99M BTC,1.68% (24h),,
2026-02-27 22:22:44,"$65,895.15",$1.31T,$38.29B,19.99M BTC,1.96% (24h),,
2026-02-27 23:40:48,"$65,656.13",$1.31T,$37.02B,19.99M BTC,3.19% (24h),,
2026-02-28 00:21:08,"$65,695.88",$1.31T,$36.52B,19.99M BTC,3.2% (24h),,
2026-02-28 00:53:37,"$65,526.22",$1.31T,$36.37B,19.99M BTC,3.33% (24h),,
2026-02-28 01:31:21,"$64,503.27",$1.28T,$37.15B,19.99M BTC,4.7% (24h),,
2026-02-28 02:04:23,"$63,457.83",$1.26T,$39.84B,19.99M BTC,6.13% (24h),,
2026-02-28 02:37:55,"$63,895.18",$1.27T,$41.35B,19.99M BTC,5.48% (24h),,
2026-02-28 02:52:49,"$63,963.51",$1.27T,$41.94B,19.99M BTC,5.51% (24h),,
2026-02-28 03:23:18,"$63,560.05",$1.27T,$42.3B,19.99M BTC,6.46% (24h),,
2026-02-28 03:51:58,"$63,519.09",$1.27T,$42.06B,19.99M BTC,6.58% (24h),,
2026-02-28 04:22:15,"$63,612.73",$1.27T,$41.84B,19.99M BTC,6.44% (24h),,
2026-02-28 04:45:33,"$63,614.40",$1.27T,$41.51B,19.99M BTC,5.94% (24h),,
2026-02-28 04:58:05,"$63,675.29",$1.27T,$41.36B,19.99M BTC,5.55% (24h),,
2026-02-28 05:22:40,"$63,848.34",$1.27T,$41.55B,19.99M BTC,4.49% (24h),,
2026-02-28 05:47:24,"$63,908.56",$1.27T,$41.51B,19.99M BTC,4.31% (24h),,
2026-02-28 05:59:37,"$63,997.55",$1.27T,$41.98B,19.99M BTC,3.97% (24h),,
2026-02-28 06:22:08,"$64,180.81",$1.28T,$41.58B,19.99M BTC,3.44% (24h),,
2026-02-28 06:41:41,"$64,025.07",$1.28T,$41.56B,19.99M BTC,3.14% (24h),,
2026-02-28 06:53:00,"$64,038.42",$1.28T,$41.51B,19.99M BTC,3.03% (24h),,
2026-02-28 07:34:05,"$64,036.44",$1.28T,$40.72B,19.99M BTC,2.95% (24h),,
2026-02-28 08:23:59,"$64,072.51",$1.28T,$39.88B,19.99M BTC,2.98% (24h),,
2026-02-28 08:53:55,"$65,053.21",$1.3T,$38.8B,19.99M BTC,1.84% (24h),,
2026-02-28 09:18:30,"$64,857.91",$1.29T,$40.75B,19.99M BTC,1.98% (24h),,
2026-02-28 09:44:10,"$64,962.94",$1.29T,$39.62B,19.99M BTC,1.29% (24h),,
2026-02-28 09:59:00,"$64,450.12",$1.28T,$40.38B,19.99M BTC,2.14% (24h),,
2026-02-28 10:23:42,"$64,552.44",$1.29T,$40.15B,19.99M BTC,2.22% (24h),,
2026-02-28 10:44:33,"$64,841.74",$1.29T,$39.93B,19.99M BTC,1.8% (24h),,
2026-02-28 10:57:22,"$64,876.96",$1.29T,$40.15B,19.99M BTC,1.89% (24h),,
2026-02-28 11:22:32,"$64,869.29",$1.29T,$39.73B,19.99M BTC,1.51% (24h),,
2026-02-28 11:49:03,"$65,086.81",$1.3T,$39.62B,19.99M BTC,0.72% (24h),,
2026-02-28 12:01:21,"$65,110.61",$1.3T,$39.07B,19.99M BTC,0.66% (24h),,
2026-02-28 12:28:12,"$65,068.82",$1.3T,$38.58B,19.99M BTC,0.23% (24h),,
2026-02-28 12:45:45,"$64,981.08",$1.29T,$38.39B,19.99M BTC,0.66% (24h),,
2026-02-28 12:56:45,"$65,157.08",$1.3T,$38.28B,19.99M BTC,0.6% (24h),,
2026-02-28 13:26:21,"$65,248.48",$1.3T,$37.4B,19.99M BTC,0.23% (24h),,
2026-02-28 13:55:55,"$66,099.33",$1.32T,$37.96B,19.99M BTC,1.27% (24h),,
2026-02-28 14:18:13,"$65,800.87",$1.31T,$38.66B,19.99M BTC,0.72% (24h),,
2026-02-28 14:36:28,"$66,215.96",$1.32T,$38.63B,19.99M BTC,1.26% (24h),,
2026-02-28 14:48:45,"$66,421.86",$1.32T,$38.39B,19.99M BTC,1.7% (24h),,
2026-02-28 14:57:27,"$66,301.94",$1.32T,$39.29B,19.99M BTC,1.36% (24h),,
2026-02-28 15:22:14,"$66,928.66",$1.33T,$39.46B,19.99M BTC,1.99% (24h),,
2026-02-28 15:47:14,"$66,992.27",$1.33T,$40B,19.99M BTC,2.09% (24h),,
2026-02-28 15:59:46,"$66,957.36",$1.33T,$39.7B,19.99M BTC,2.11% (24h),,
2026-02-28 16:26:36,"$66,521.54",$1.33T,$40.07B,19.99M BTC,1.2% (24h),,
2026-02-28 16:43:33,"$66,845.30",$1.33T,$40.28B,19.99M BTC,1.9% (24h),,
2026-02-28 16:56:40,"$66,639.94",$1.33T,$40.43B,19.99M BTC,1.88% (24h),,
2026-02-28 17:18:55,"$66,964.22",$1.33T,$40.9B,19.99M BTC,2.11% (24h),,
2026-02-28 17:43:34,"$67,345.02",$1.34T,$41.31B,19.99M BTC,2.9% (24h),,
2026-02-28 17:58:50,"$67,286.82",$1.34T,$41.68B,19.99M BTC,2.62% (24h),,
2026-02-28 18:22:37,"$67,038.30",$1.34T,$41.67B,19.99M BTC,1.75% (24h),,
2026-02-28 18:44:07,"$66,910.00",$1.33T,$41.92B,19.99M BTC,1.61% (24h),,
2026-02-28 18:57:49,"$66,964.34",$1.33T,$41.88B,19.99M BTC,1.66% (24h),,
2026-02-28 21:01:14,"$67,798.69",$1.35T,$43.62B,19.99M BTC,3.02% (24h),,
2026-02-28 23:28:07,"$67,294.55",$1.34T,$47.3B,19.99M BTC,2.37% (24h),,
2026-03-01 00:36:54,"$67,533.32",$1.35T,$49.12B,19.99M BTC,3.06% (24h),,
2026-03-01 01:11:34,"$66,995.98",$1.33T,$49.01B,19.99M BTC,2.19% (24h),,
2026-03-01 02:04:53,"$66,831.70",$1.33T,$46.11B,19.99M BTC,5.38% (24h),,
2026-03-01 02:43:26,"$67,121.01",$1.34T,$44.01B,19.99M BTC,4.63% (24h),,
2026-03-01 03:00:42,"$67,153.37",$1.34T,$43.51B,19.99M BTC,5.18% (24h),,
2026-03-01 03:37:47,"$67,166.43",$1.34T,$43.43B,19.99M BTC,5.56% (24h),,
2026-03-01 04:00:43,"$66,563.22",$1.33T,$43.38B,19.99M BTC,4.88% (24h),,
2026-03-01 04:36:43,"$66,474.24",$1.32T,$43.61B,19.99M BTC,4.32% (24h),,
2026-03-01 04:56:22,"$66,398.63",$1.32T,$43.61B,19.99M BTC,4.32% (24h),,
2026-03-01 05:20:34,"$66,464.22",$1.32T,$43.49B,19.99M BTC,4.26% (24h),,
2026-03-01 05:47:53,"$66,484.28",$1.32T,$42.59B,19.99M BTC,4.02% (24h),,
2026-03-01 06:01:19,"$66,491.77",$1.32T,$42.57B,19.99M BTC,3.9% (24h),,
2026-03-01 06:28:18,"$66,568.20",$1.33T,$42.21B,19.99M BTC,3.63% (24h),,
2026-03-01 06:44:15,"$66,513.52",$1.33T,$41.65B,19.99M BTC,3.91% (24h),,
2026-03-01 06:56:53,"$66,467.66",$1.32T,$41.56B,19.99M BTC,4.03% (24h),,
2026-03-01 07:37:48,"$66,302.11",$1.32T,$41.16B,19.99M BTC,3.61% (24h),,
2026-03-01 08:26:59,"$66,331.81",$1.32T,$40.76B,19.99M BTC,3.51% (24h),,
2026-03-01 08:55:24,"$67,124.73",$1.34T,$40.26B,19.99M BTC,3.47% (24h),,
2026-03-01 09:20:28,"$67,040.02",$1.34T,$40.26B,19.99M BTC,3.34% (24h),,
2026-03-01 09:46:47,"$66,863.70",$1.33T,$40.07B,19.99M BTC,2.85% (24h),,
2026-03-01 09:59:42,"$66,919.88",$1.33T,$39.68B,19.99M BTC,3.76% (24h),,
2026-03-01 10:27:16,"$67,099.90",$1.34T,$39.48B,19.99M BTC,3.86% (24h),,
2026-03-01 10:45:49,"$67,191.32",$1.34T,$38.92B,19.99M BTC,3.62% (24h),,
2026-03-01 10:58:53,"$66,916.46",$1.33T,$39.39B,19.99M BTC,3.16% (24h),,
2026-03-01 11:29:35,"$67,049.29",$1.34T,$39.83B,19.99M BTC,3.19% (24h),,
2026-03-01 11:53:36,"$66,074.38",$1.32T,$39.98B,19.99M BTC,1.54% (24h),,
2026-03-01 12:19:14,"$65,750.88",$1.31T,$40.64B,19.99M BTC,1.26% (24h),,
2026-03-01 12:43:09,"$66,078.66",$1.32T,$40.44B,19.99M BTC,1.68% (24h),,
2026-03-01 12:59:00,"$66,053.99",$1.32T,$40.59B,19.99M BTC,1.35% (24h),,
2026-03-01 13:36:21,"$66,411.33",$1.32T,$40.73B,19.99M BTC,1.42% (24h),,
2026-03-01 14:01:34,"$66,310.68",$1.32T,$41.21B,19.99M BTC,0.61% (24h),,
2026-03-01 14:29:38,"$66,034.92",$1.32T,$40.57B,19.99M BTC,0.44% (24h),,
2026-03-01 14:45:07,"$65,811.18",$1.31T,$40.36B,19.99M BTC,0.83% (24h),,
2026-03-01 14:57:51,"$65,979.04",$1.31T,$39.79B,19.99M BTC,0.62% (24h),,
2026-03-01 15:24:33,"$65,448.51",$1.3T,$39.95B,19.99M BTC,2.23% (24h),,
2026-03-01 15:49:06,"$65,218.15",$1.3T,$39.96B,19.99M BTC,2.74% (24h),,
2026-03-01 16:01:51,"$65,338.84",$1.3T,$39.87B,19.99M BTC,2.42% (24h),,
2026-03-01 16:35:37,"$65,585.20",$1.31T,$39.98B,19.99M BTC,1.4% (24h),,
2026-03-01 16:52:38,"$65,692.18",$1.31T,$39.7B,19.99M BTC,1.39% (24h),,
2026-03-01 17:19:28,"$66,184.49",$1.32T,$39.58B,19.99M BTC,1.17% (24h),,
2026-03-01 17:46:05,"$65,309.59",$1.3T,$39.56B,19.99M BTC,3.01% (24h),,
2026-03-01 18:00:59,"$65,230.22",$1.3T,$40.13B,19.99M BTC,2.81% (24h),,
2026-03-01 18:31:50,"$65,638.80",$1.31T,$40.43B,19.99M BTC,1.93% (24h),,
2026-03-01 18:50:20,"$65,826.74",$1.31T,$40.76B,19.99M BTC,1.79% (24h),,
2026-03-01 19:00:58,"$65,773.53",$1.31T,$40.73B,19.99M BTC,1.81% (24h),,
2026-03-01 21:38:01,"$66,363.97",$1.32T,$39.26B,19.99M BTC,2.26% (24h),,
2026-03-01 23:29:32,"$66,929.13",$1.33T,$38.27B,19.99M BTC,0.6% (24h),,
2026-03-02 00:36:40,"$66,757.38",$1.33T,$38.71B,19.99M BTC,1.17% (24h),,
2026-03-02 01:35:34,"$66,290.42",$1.32T,$38.55B,19.99M BTC,0.91% (24h),,
2026-03-02 02:36:09,"$65,907.45",$1.31T,$39.39B,19.99M BTC,1.87% (24h),,
2026-03-02 03:07:36,"$65,906.55",$1.31T,$39.42B,19.99M BTC,1.6% (24h),,
2026-03-02 04:00:36,"$66,237.51",$1.32T,$39.24B,19.99M BTC,0.47% (24h),,
2026-03-02 04:57:39,"$66,277.19",$1.32T,$40.15B,19.99M BTC,0.2% (24h),,
2026-03-02 05:42:28,"$66,312.83",$1.32T,$40.52B,19.99M BTC,0.28% (24h),,
2026-03-02 06:23:51,"$66,102.65",$1.32T,$40.73B,19.99M BTC,0.79% (24h),,
2026-03-02 06:53:02,"$66,380.09",$1.32T,$40.62B,19.99M BTC,0.09% (24h),,
2026-03-02 07:43:27,"$65,984.94",$1.31T,$41.64B,19.99M BTC,0.76% (24h),,
2026-03-02 08:49:01,"$65,519.86",$1.31T,$41.83B,19.99M BTC,1.26% (24h),,
2026-03-02 09:33:37,"$66,089.34",$1.32T,$42.64B,19.99M BTC,1.32% (24h),,
2026-03-02 10:25:29,"$68,731.33",$1.37T,$47.27B,19.99M BTC,2.49% (24h),,
2026-03-02 12:04:39,"$69,553.99",$1.39T,$54.58B,19.99M BTC,5.12% (24h),,
2026-03-02 12:52:10,"$69,074.36",$1.38T,$55.44B,19.99M BTC,4.54% (24h),,
2026-03-02 13:39:50,"$69,035.89",$1.38T,$55.77B,19.99M BTC,3.97% (24h),,
2026-03-02 14:25:59,"$68,881.57",$1.37T,$56.62B,19.99M BTC,4.34% (24h),,
2026-03-02 14:57:36,"$68,943.12",$1.37T,$57.22B,19.99M BTC,4.53% (24h),,
2026-03-02 15:33:25,"$69,074.31",$1.38T,$57.5B,19.99M BTC,5.9% (24h),,
2026-03-02 16:05:31,"$69,119.41",$1.38T,$57.55B,19.99M BTC,5.79% (24h),,
2026-03-02 16:49:17,"$69,466.51",$1.38T,$57.48B,19.99M BTC,5.87% (24h),,
2026-03-02 17:06:10,"$69,425.02",$1.38T,$56.42B,19.99M BTC,5.63% (24h),,
2026-03-02 17:43:43,"$69,352.23",$1.38T,$56.95B,19.99M BTC,5.98% (24h),,
2026-03-02 18:02:04,"$69,398.33",$1.38T,$56.74B,19.99M BTC,6.19% (24h),,
2026-03-02 18:39:47,"$68,840.98",$1.37T,$56.15B,19.99M BTC,4.58% (24h),,
2026-03-02 18:58:57,"$68,785.49",$1.37T,$56.69B,19.99M BTC,4.64% (24h),,
2026-03-02 21:07:54,"$68,608.70",$1.37T,$55B,19.99M BTC,3.62% (24h),,
2026-03-02 23:23:42,"$68,378.95",$1.36T,$55.03B,19.99M BTC,2.34% (24h),,
2026-03-03 00:33:11,"$68,309.37",$1.36T,$54.47B,19.99M BTC,2.35% (24h),,
2026-03-03 01:30:33,"$67,900.66",$1.35T,$54.63B,19.99M BTC,2.42% (24h),,
2026-03-03 02:27:23,"$68,171.89",$1.36T,$54.68B,19.99M BTC,3.61% (24h),,
2026-03-03 03:01:25,"$68,139.55",$1.36T,$54.83B,19.99M BTC,3.34% (24h),,
2026-03-03 03:53:51,"$67,108.44",$1.34T,$55.23B,19.99M BTC,1.35% (24h),,
2026-03-03 04:37:44,"$66,521.34",$1.33T,$55.8B,19.99M BTC,0.13% (24h),,
2026-03-03 05:10:52,"$66,477.95",$1.32T,$56.2B,19.99M BTC,0.25% (24h),,
2026-03-03 06:00:09,"$66,841.12",$1.33T,$56.58B,19.99M BTC,0.81% (24h),,
2026-03-03 06:36:40,"$66,989.70",$1.33T,$56.65B,19.99M BTC,1.14% (24h),,
2026-03-03 06:59:14,"$67,068.90",$1.34T,$57.04B,19.99M BTC,1.15% (24h),,
2026-03-03 08:00:50,"$67,374.16",$1.34T,$58.23B,19.99M BTC,2.13% (24h),,
2026-03-03 09:03:52,"$67,007.85",$1.33T,$56.88B,19.99M BTC,2.51% (24h),,
2026-03-03 10:01:48,"$66,620.73",$1.33T,$56.05B,19.99M BTC,0.67% (24h),,
2026-03-03 10:56:09,"$67,544.47",$1.35T,$52.51B,19.99M BTC,2.21% (24h),,
2026-03-03 11:40:47,"$67,804.87",$1.35T,$51.46B,19.99M BTC,2% (24h),,
2026-03-03 12:29:29,"$68,205.64",$1.36T,$51.25B,19.99M BTC,1.68% (24h),,
2026-03-03 13:07:14,"$68,307.64",$1.36T,$50.67B,19.99M BTC,1.06% (24h),,
2026-03-03 14:10:09,"$68,393.75",$1.36T,$50.37B,19.99M BTC,0.54% (24h),,
2026-03-03 14:50:13,"$68,611.19",$1.37T,$50.6B,19.99M BTC,0.44% (24h),,
2026-03-03 15:19:03,"$68,295.74",$1.36T,$49.41B,19.99M BTC,0.94% (24h),,
2026-03-03 15:50:53,"$68,392.34",$1.36T,$50.35B,19.99M BTC,1.45% (24h),,
2026-03-03 16:21:24,"$68,026.52",$1.36T,$50.16B,19.99M BTC,1.72% (24h),,
2026-03-03 16:52:44,"$68,052.82",$1.36T,$49.05B,19.99M BTC,2.08% (24h),,
2026-03-03 17:24:15,"$68,384.67",$1.36T,$49.98B,19.99M BTC,1.28% (24h),,
2026-03-03 17:53:46,"$68,350.20",$1.36T,$49.47B,19.99M BTC,1.4% (24h),,
2026-03-03 18:22:27,"$68,557.13",$1.37T,$49.38B,19.99M BTC,0.97% (24h),,
2026-03-03 18:50:02,"$68,432.70",$1.36T,$49.03B,19.99M BTC,0.71% (24h),,
2026-03-03 19:02:43,"$68,272.09",$1.36T,$48.8B,19.99M BTC,0.77% (24h),,
2026-03-03 21:49:45,"$68,285.57",$1.36T,$49.28B,19.99M BTC,0.44% (24h),,
2026-03-03 23:24:54,"$67,565.10",$1.35T,$50.2B,19.99M BTC,1.15% (24h),,
2026-03-04 00:29:29,"$67,797.26",$1.35T,$50.53B,19.99M BTC,0.9% (24h),,
2026-03-04 01:07:07,"$68,171.85",$1.36T,$50.28B,19.99M BTC,0.37% (24h),,
2026-03-04 02:05:27,"$68,466.53",$1.36T,$50.65B,19.99M BTC,0.57% (24h),,
2026-03-04 02:50:09,"$69,440.33",$1.38T,$51.12B,19.99M BTC,1.88% (24h),,
2026-03-04 03:22:52,"$69,175.32",$1.38T,$52.6B,19.99M BTC,1.87% (24h),,
2026-03-04 04:04:30,"$70,776.53",$1.41T,$54.55B,19.99M BTC,5.62% (24h),,
2026-03-04 04:56:30,"$71,368.74",$1.42T,$58.18B,19.99M BTC,7.14% (24h),,
2026-03-04 05:31:45,"$71,496.17",$1.42T,$59.69B,19.99M BTC,7.5% (24h),,
2026-03-04 06:06:13,"$71,341.42",$1.42T,$60.11B,19.99M BTC,6.6% (24h),,
2026-03-04 06:42:08,"$71,094.50",$1.42T,$59.22B,19.99M BTC,6.01% (24h),,
2026-03-04 07:02:41,"$71,106.39",$1.42T,$60.66B,19.99M BTC,5.95% (24h),,
2026-03-04 08:21:25,"$71,321.61",$1.42T,$61.64B,19.99M BTC,6.21% (24h),,
2026-03-04 09:08:27,"$71,575.89",$1.43T,$62.61B,19.99M BTC,6.56% (24h),,
2026-03-04 09:55:23,"$71,690.20",$1.43T,$64.92B,19.99M BTC,7.36% (24h),,
2026-03-04 10:36:12,"$72,787.32",$1.45T,$66.56B,19.99M BTC,8.14% (24h),,
2026-03-04 11:08:54,"$73,086.29",$1.46T,$68.35B,19.99M BTC,7.08% (24h),,
2026-03-04 12:02:38,"$73,392.42",$1.46T,$68.32B,19.99M BTC,7.93% (24h),,
2026-03-04 12:55:59,"$73,308.54",$1.46T,$69.96B,19.99M BTC,7.39% (24h),,
2026-03-04 13:41:02,"$73,332.36",$1.46T,$70.08B,19.99M BTC,6.66% (24h),,
2026-03-04 14:27:16,"$73,640.50",$1.47T,$71.54B,19.99M BTC,7.09% (24h),,
2026-03-04 14:57:27,"$73,733.31",$1.47T,$72.5B,19.99M BTC,7.65% (24h),,
2026-03-04 15:29:48,"$73,493.15",$1.46T,$72.39B,19.99M BTC,7.43% (24h),,
2026-03-04 15:59:23,"$73,179.44",$1.46T,$72.67B,19.99M BTC,7.27% (24h),,
2026-03-04 16:37:40,"$73,241.34",$1.46T,$73.63B,19.99M BTC,7.67% (24h),,
2026-03-04 17:02:16,"$73,466.74",$1.46T,$73.82B,19.99M BTC,7.95% (24h),,
2026-03-04 17:49:13,"$72,807.75",$1.45T,$73.95B,19.99M BTC,6.63% (24h),,
2026-03-04 18:17:45,"$72,801.11",$1.45T,$74.11B,19.99M BTC,6.11% (24h),,
2026-03-04 18:47:59,"$72,814.60",$1.45T,$74.4B,19.99M BTC,6.38% (24h),,
2026-03-04 19:02:41,"$72,810.87",$1.45T,$74.79B,19.99M BTC,6.64% (24h),,
2026-03-04 21:52:08,"$72,558.16",$1.45T,$74.9B,19.99M BTC,6.13% (24h),,
2026-03-04 23:43:27,"$72,846.67",$1.45T,$74.22B,19.99M BTC,7.79% (24h),,
2026-03-05 00:38:49,"$72,449.55",$1.44T,$74.61B,19.99M BTC,6.72% (24h),,
2026-03-05 01:31:13,"$72,393.58",$1.44T,$75.28B,19.99M BTC,6.19% (24h),,
2026-03-05 02:27:34,"$72,606.65",$1.45T,$74.61B,19.99M BTC,5.92% (24h),,
2026-03-05 03:01:12,"$72,081.21",$1.44T,$73.73B,19.99M BTC,3.51% (24h),,
2026-03-05 03:54:19,"$72,313.74",$1.44T,$72.12B,19.99M BTC,2.25% (24h),,
2026-03-05 04:38:50,"$72,646.57",$1.45T,$68.3B,19.99M BTC,1.18% (24h),,
2026-03-05 05:25:01,"$72,944.06",$1.45T,$66.18B,19.99M BTC,2.18% (24h),,
2026-03-05 06:06:43,"$73,138.01",$1.46T,$66.21B,19.99M BTC,2.51% (24h),,
2026-03-05 06:48:08,"$72,939.55",$1.45T,$66.76B,19.99M BTC,2.6% (24h),,
2026-03-05 07:05:06,"$72,796.51",$1.45T,$66.84B,19.99M BTC,2.53% (24h),,
2026-03-05 08:25:09,"$72,490.18",$1.44T,$65.44B,19.99M BTC,1.71% (24h),,
2026-03-05 09:12:30,"$72,529.90",$1.45T,$64.89B,19.99M BTC,1.21% (24h),,
2026-03-05 10:09:39,"$71,842.13",$1.43T,$61.35B,19.99M BTC,0.32% (24h),,
2026-03-05 11:02:23,"$71,510.76",$1.43T,$60.6B,19.99M BTC,2.53% (24h),,
2026-03-05 13:18:44,"$70,998.90",$1.41T,$56.63B,19.99M BTC,2.94% (24h),,
2026-03-05 14:39:11,"$70,975.11",$1.41T,$54.99B,19.99M BTC,3.84% (24h),,
2026-03-05 15:08:46,"$70,913.57",$1.41T,$54.11B,19.99M BTC,3.61% (24h),,
2026-03-05 15:52:55,"$71,067.08",$1.42T,$53.62B,19.99M BTC,3.18% (24h),,
2026-03-05 16:30:08,"$71,516.60",$1.43T,$53.12B,19.99M BTC,2.27% (24h),,
2026-03-05 17:00:03,"$71,139.75",$1.42T,$52.82B,19.99M BTC,2.99% (24h),,
2026-03-05 17:36:27,"$71,230.36",$1.42T,$52.67B,19.99M BTC,2.59% (24h),,
2026-03-05 19:59:36,"$70,922.22",$1.41T,$50.39B,19.99M BTC,2.6% (24h),,
2026-03-05 22:27:53,"$71,192.64",$1.42T,$49.89B,19.99M BTC,1.97% (24h),,
2026-03-05 23:57:16,"$70,518.48",$1.41T,$49.08B,19.99M BTC,3.15% (24h),,
2026-03-06 00:42:52,"$70,184.60",$1.4T,$49.47B,19.99M BTC,3.04% (24h),,
2026-03-06 01:32:01,"$70,447.82",$1.4T,$48.91B,19.99M BTC,2.71% (24h),,
2026-03-06 02:27:24,"$70,823.68",$1.41T,$49.15B,19.99M BTC,2.48% (24h),,
2026-03-06 02:58:13,"$71,086.79",$1.42T,$49.19B,19.99M BTC,1.26% (24h),,
2026-03-06 03:37:08,"$71,008.59",$1.42T,$47.95B,19.99M BTC,1.57% (24h),,
2026-03-06 04:07:53,"$70,783.35",$1.41T,$47.12B,19.99M BTC,2.3% (24h),,
2026-03-06 04:55:21,"$70,526.78",$1.41T,$46.55B,19.99M BTC,2.74% (24h),,
2026-03-06 05:30:37,"$70,756.29",$1.41T,$45.73B,19.99M BTC,3.33% (24h),,
2026-03-06 06:04:29,"$70,452.53",$1.4T,$45.02B,19.99M BTC,3.87% (24h),,
2026-03-06 06:40:53,"$70,596.74",$1.41T,$43.96B,19.99M BTC,3.08% (24h),,
2026-03-06 06:59:23,"$70,198.89",$1.4T,$43.11B,19.99M BTC,3.67% (24h),,
2026-03-06 07:59:34,"$69,976.84",$1.39T,$44.13B,19.99M BTC,4.08% (24h),,
2026-03-06 08:58:03,"$69,333.11",$1.38T,$45.05B,19.99M BTC,4.34% (24h),,
2026-03-06 09:37:06,"$68,494.73",$1.36T,$47.05B,19.99M BTC,5.77% (24h),,
2026-03-06 10:09:19,"$68,458.65",$1.36T,$47.38B,19.99M BTC,4.74% (24h),,
2026-03-06 10:54:02,"$68,334.01",$1.36T,$46.48B,19.99M BTC,4.71% (24h),,
2026-03-06 11:34:16,"$68,472.02",$1.36T,$45.62B,19.99M BTC,3.81% (24h),,
2026-03-06 12:11:22,"$68,548.06",$1.37T,$45.31B,19.99M BTC,3.52% (24h),,
2026-03-06 12:53:35,"$67,934.00",$1.35T,$45.55B,19.99M BTC,4.14% (24h),,
2026-03-06 13:37:37,"$68,334.61",$1.36T,$45.25B,19.99M BTC,3.72% (24h),,
2026-03-06 14:22:46,"$68,283.56",$1.36T,$44.91B,19.99M BTC,4.23% (24h),,
2026-03-06 15:26:54,"$67,860.34",$1.35T,$44.61B,19.99M BTC,4.85% (24h),,
2026-03-06 15:55:58,"$68,097.00",$1.36T,$44.85B,19.99M BTC,4.33% (24h),,
2026-03-06 16:25:59,"$67,955.81",$1.35T,$44.9B,19.99M BTC,4.89% (24h),,
2026-03-06 16:52:46,"$68,305.47",$1.36T,$44.71B,19.99M BTC,4.11% (24h),,
2026-03-06 17:23:15,"$68,343.91",$1.36T,$44.71B,19.99M BTC,4.06% (24h),,
2026-03-06 17:55:19,"$68,419.38",$1.36T,$44.3B,19.99M BTC,3.96% (24h),,
2026-03-06 18:23:34,"$68,360.31",$1.36T,$44.34B,19.99M BTC,3.98% (24h),,
2026-03-06 18:50:14,"$68,224.15",$1.36T,$43.88B,19.99M BTC,3.71% (24h),,
2026-03-06 19:02:58,"$68,142.87",$1.36T,$43.78B,19.99M BTC,3.83% (24h),,
2026-03-06 21:43:38,"$68,180.94",$1.36T,$41.67B,19.99M BTC,4.32% (24h),,
2026-03-06 23:16:38,"$67,992.63",$1.35T,$41.12B,19.99M BTC,4.11% (24h),,
2026-03-07 00:11:03,"$68,018.19",$1.36T,$41.01B,19.99M BTC,3.53% (24h),,
2026-03-07 00:52:44,"$68,055.16",$1.36T,$39.71B,19.99M BTC,3.02% (24h),,
2026-03-07 01:33:26,"$67,885.57",$1.35T,$40.1B,19.99M BTC,3.58% (24h),,
2026-03-07 02:07:53,"$67,498.00",$1.34T,$39.98B,19.99M BTC,4.59% (24h),,
2026-03-07 02:40:18,"$67,682.82",$1.35T,$39.95B,19.99M BTC,4.54% (24h),,
2026-03-07 02:55:46,"$67,841.31",$1.35T,$39.82B,19.99M BTC,4.59% (24h),,
2026-03-07 03:24:30,"$68,025.76",$1.36T,$39.38B,19.99M BTC,4.05% (24h),,
2026-03-07 03:55:01,"$67,906.97",$1.35T,$39.4B,19.99M BTC,4.1% (24h),,
2026-03-07 04:24:39,"$67,954.68",$1.35T,$38.85B,19.99M BTC,3.6% (24h),,
2026-03-07 04:51:17,"$68,008.97",$1.36T,$38.62B,19.99M BTC,3.55% (24h),,
2026-03-07 05:01:43,"$68,008.05",$1.36T,$38.48B,19.99M BTC,3.66% (24h),,
2026-03-07 05:39:07,"$67,979.52",$1.35T,$38.26B,19.99M BTC,3.64% (24h),,
2026-03-07 05:55:06,"$67,924.52",$1.35T,$38.13B,19.99M BTC,3.75% (24h),,
2026-03-07 06:16:32,"$68,185.45",$1.36T,$38.02B,19.99M BTC,3.31% (24h),,
2026-03-07 06:35:40,"$68,103.25",$1.36T,$38.04B,19.99M BTC,3.39% (24h),,
2026-03-07 06:51:13,"$68,059.96",$1.36T,$37.81B,19.99M BTC,3.17% (24h),,
2026-03-07 06:59:27,"$68,018.34",$1.36T,$37.85B,19.99M BTC,3.11% (24h),,
2026-03-07 07:52:06,"$67,974.47",$1.35T,$35.79B,19.99M BTC,2.66% (24h),,
2026-03-07 08:36:14,"$67,991.70",$1.35T,$34.86B,19.99M BTC,3.23% (24h),,
2026-03-07 08:59:50,"$67,923.44",$1.35T,$33.77B,19.99M BTC,2.06% (24h),,
2026-03-07 09:28:02,"$67,809.19",$1.35T,$31.1B,19.99M BTC,1.7% (24h),,
2026-03-07 09:50:08,"$68,039.46",$1.36T,$29.69B,19.99M BTC,0.55% (24h),,
2026-03-07 10:01:50,"$67,997.51",$1.35T,$28.93B,19.99M BTC,0.65% (24h),,
2026-03-07 10:31:50,"$67,900.38",$1.35T,$28.07B,19.99M BTC,1.44% (24h),,
2026-03-07 10:49:04,"$67,858.52",$1.35T,$27.53B,19.99M BTC,1.11% (24h),,
2026-03-07 11:00:35,"$67,854.35",$1.35T,$27.22B,19.99M BTC,0.95% (24h),,
2026-03-07 11:35:32,"$67,797.18",$1.35T,$26.38B,19.99M BTC,0.87% (24h),,
2026-03-07 11:56:24,"$67,800.95",$1.35T,$25.86B,19.99M BTC,0.93% (24h),,
2026-03-07 12:17:48,"$67,826.16",$1.35T,$25.34B,19.99M BTC,0.73% (24h),,
2026-03-07 12:41:47,"$67,873.96",$1.35T,$24.62B,19.99M BTC,0.13% (24h),,
2026-03-07 12:56:31,"$67,868.48",$1.35T,$24.07B,19.99M BTC,0.14% (24h),,
2026-03-07 13:26:44,"$67,634.26",$1.35T,$22.51B,19.99M BTC,1.12% (24h),,
2026-03-07 13:56:48,"$67,588.27",$1.35T,$23.02B,19.99M BTC,0.94% (24h),,
2026-03-07 14:19:09,"$67,463.38",$1.34T,$22.83B,19.99M BTC,1.29% (24h),,
2026-03-07 14:39:44,"$67,293.85",$1.34T,$22.95B,19.99M BTC,1.31% (24h),,
2026-03-07 14:52:02,"$67,044.65",$1.34T,$22.96B,19.99M BTC,1.48% (24h),,
2026-03-07 15:20:33,"$67,242.33",$1.34T,$24.49B,19.99M BTC,1.2% (24h),,
2026-03-07 15:45:49,"$67,405.91",$1.34T,$24.15B,19.99M BTC,0.82% (24h),,
2026-03-07 16:00:18,"$67,396.21",$1.34T,$24.12B,19.99M BTC,1.06% (24h),,
2026-03-07 16:26:11,"$67,451.75",$1.34T,$23.39B,19.99M BTC,0.73% (24h),,
2026-03-07 16:43:46,"$67,337.52",$1.34T,$23.13B,19.99M BTC,1.23% (24h),,
2026-03-07 16:56:58,"$67,381.83",$1.34T,$23.24B,19.99M BTC,1.2% (24h),,
2026-03-07 17:18:40,"$67,352.40",$1.34T,$23.17B,19.99M BTC,1.33% (24h),,
2026-03-07 17:44:40,"$67,274.69",$1.34T,$23.18B,19.99M BTC,1.63% (24h),,
2026-03-07 17:59:45,"$67,232.82",$1.34T,$23.28B,19.99M BTC,1.72% (24h),,
2026-03-07 18:27:41,"$67,343.65",$1.34T,$23.31B,19.99M BTC,1.44% (24h),N/A,N/A
